variant,disease
p.Arg36Trp,MODY
p.Gly44Ser,MODY
p.Ala53Ser,MODY
p.Tyr61Ser,MODY
p.Val62Ala,MODY
p.Val62Met,MODY
p.Ser64Tyr,HH
p.Thr65Ile,HH
p.Gly68Val,HH
p.Glu70Lys,MODY
p.Gly72Arg,MODY
p.Gly80Ala,MODY
p.Trp99Arg,HH
p.Trp99Leu,HH
p.Tyr108Cys,MODY
p.Ser131Pro,MODY
p.His137Arg,MODY
p.Leu146Arg,MODY
p.Leu165Phe,MODY
p.Thr168Ala,MODY
p.Thr168Pro,MODY
p.Gly175Arg,MODY
p.Gly175Glu,MODY
p.Val182Leu,MODY
p.Val182Met,MODY
p.Ala188Thr,MODY
p.Ala188Glu,MODY
p.Met197Ile,HH
p.Val203Ala,MODY
p.Thr206Met,MODY
p.Ala208Thr,MODY
p.Thr209Met,MODY
p.Met210Lys,MODY
p.Met210Thr,MODY
p.Cys213Arg,MODY
p.Tyr214Cys,HH
p.Val226Met,MODY
p.Thr228Ala,MODY
p.Cys233Arg,MODY
p.Met235Val,MODY
p.Met235Thr,MODY
p.Cys252Tyr,MODY
p.Glu256Lys,MODY
p.Trp257Arg,MODY
p.Gly261Arg,MODY
p.Ser263Pro,MODY
p.Gly264Ser,MODY
p.Glu265Lys,MODY
p.Arg275Cys,MODY
p.Glu279Gln,MODY
p.Met298Lys,MODY
p.Gly299Arg,MODY
p.Glu300Gln,MODY
p.Glu300Lys,MODY
p.Arg308Trp,MODY
p.Leu309Pro,MODY
p.Ser336Leu,MODY
p.Glu339Gly,MODY
p.Val367Met,MODY
p.Arg377Cys,MODY
p.Ala378Val,MODY
p.Ala379Val,MODY
p.Ser383Leu,MODY
p.Arg397Leu,MODY
p.Ser411Phe,MODY
p.Lys414Glu,MODY
p.Lys420Glu,MODY
p.Ser453Leu,MODY
p.Val455Met,HH
p.Val455Glu,MODY
p.Ala456Val,HH
